CREATE DATABASE ECOMMERCE_DB ;

USE ECOMMERCE_DB;

SHOW DATABASES;
SHOW TABLES ;
-- creating categories table 

CREATE TABLE categories(
category_id INT PRIMARY KEY,
category_name VARCHAR(150)
);

-- creating products table 

CREATE TABLE products(
product_id INT PRIMARY KEY,
product_name varchar(100),
price INT,
stock_qty INT,
category_id INT,
foreign key(category_id)
references categories(category_id)
);

CREATE TABLE customers(
customer_id INT PRIMARY KEY,
customer_name VARCHAR(100),
customer_email VARCHAR(100)
);

CREATE TABLE orders(
order_id INT PRIMARY KEY,
customer_id INT,
order_date date,
FOREIGN KEY(customer_id)
references customers(customer_id)
);

CREATE TABLE order_details(
detail_id INT PRIMARY KEY,
order_id INT,
product_id INT,
quantity INT,
FOREIGN KEY(order_id)
references orders(order_id),
FOREIGN KEY(product_id)
references products(product_id)
);

CREATE TABLE discounts(
discount_id INT PRIMARY KEY,
product_id INT,
discount_amount INT,
FOREIGN KEY(product_id)
references products(product_id)
);

CREATE TABLE shipping(
shipping_id INT PRIMARY KEY,
order_id INT,
shipdate date,
deliverydate date,
FOREIGN KEY(order_id)
references orders(order_id)
);

CREATE TABLE reviews(
review_id INT PRIMARY KEY,
product_id INT,
customer_id INT,
rating INT,
comments VARCHAR(200) NOT NULL,
FOREIGN KEY(product_id)
references products(product_id),
FOREIGN KEY(customer_id)
references customers(customer_id)
);

INSERT INTO categories
values
(1,"Shirt"),
(2,"T-Shirt"),
(3,"Jackets"),
(5,"Short"),
(6,"Pants"),
(7,"Jeans");

INSERT INTO products 
VALUES
(101,'White shirt',400.00,1000,1),
(102,'Black shirt',400.00,1500,1),
(103,'Printed shirt',300.00,900,1),
(104,'Polo shirt',700.00,800,1),
(105,'Full Slevee shirt',500.00,1000,1),
(106,'V-Neck shirt',300.00,500,1),
(107,'Football shirts',600.00,500,1),
(108,'Football Shorts',200.00,400,5),
(109,'Black Shorts',300.00,200,5),
(110,'Tennis Shorts',500.00,100,5),
(111,'Swimming Shorts',400.00,100,5),
(112,'Basketball Shorts',500.00,300,5),
(113,'Rugby Shorts',300.00,100,5),
(114,'Formal T-shirts',500.00,500,2),
(115,'Semi-formal T-shirts',400.00,700,2),
(116,'Casual T-shirts',500.00,800,2),
(117,'Printed T-shirts',600.00,300,2),
(118,'Floral T-shirts',700.00,500,2),
(119,'Half Slevee T-shirts',400.00,200,2),
(120,'Tuxedo T-shirts',1000.00,200,2),
(121,'Denim T-shirts',800.00,300,2),
(122,'Flanel T-shirts',1000.00,1000,2),
(123,'Denim Jackets',2000.00,100,3),
(124,'Bomber Jackets',2200.00,200,3),
(125,'Hooded Jackets',2500.00,200,3),
(126,'Cargo Jackets',1500.00,100,3),
(127,'Puffer Jackets',3000.00,50,3),
(128,'Tuxedo Jackets',4000.00,200,3),
(129,'Baseball Jackets',1700.00,50,3),
(130,'Baggy Jackets ',1000.00,400,3),
(131,'Boxy Jackets ',1200.00,100,3),
(132,'Regular-fit Jackets ',1500.00,500,3),
(133,'Relaxed-fit Jackets',1500.00,500,3),
(134,'Baggy Pants ',1500.00,200,6),
(135,'Biker Pants',3000.00,300,6),
(136,'Cargo Pants ',2000.00,500,6),
(137,'Bootcut Pants ',1200.00,200,6),
(138,'Parachute Pants ',2500.00,200,6),
(139,'Loose-fit Pants ',2000.00,500,6),
(140,'Tapered Pants ',1500.00,100,6),
(141,'Joggers Pants ',2000.00,100,6),
(142,'Chinos Pants ',2000.00,300,6),
(143,'Baseball Pants',1500.00,100,6),
(144,'Tuxedo Pants',2500.00,200,6),
(145,'Formal Pants',1000.00,500,6),
(146,'Korean Pants',1200.00,200,6),
(147,'Semi-formal Pants',800.00,400,6),
(148,'Cargo Pants',2000.00,200,6),
(149,'Italian Pants',3000.00,100,6),
(150,'6-pocket Jeans',2000.00,400,7),
(151,'Baggy Jeans',1000.00,200,7),
(152,'Straight-fit Jeans',1500.00,400,7),
(153,'Slim-fit Jeans',1500.00,400,7),
(154,'Skinny-fit Jeans',1500.00,400,7),
(155,'Relaxed-fit Jeans',1500.00,400,7),
(156,'Straight-fit Jeans',1500.00,400,7),
(157,'Ripped Jeans',1200.00,200,7),
(158,'No-fade Jeans',1200.00,200,7),
(159,'Carrot-fit Skinny Jeans',1500.00,200,7),
(160,'Treking T-shirts' ,2000.00,500,2),
(161,'Biker T-shirts' ,2000.00,400,2),
(162,'Yellow T-shirts',2000.00,400,2),
(163,'mini-pocket T-shirts',2000.00,200,2),
(164,'baby_pink T-shirts',2000.00,100,2),
(165,'purple T-shirts',2000.00,200,2),
(166,'Cricket T-shirts',500.00,200,2),
(167,'Cotton T-shirts',2000.00,50,2),
(168,'blue T-shirts',2000.00,200,2),
(169,'Red T-shirts',2000.00,100,2),
(170,'Navy blue T-shirts',2000.00,100,2);



INSERT INTO 
customers
VALUES
(1001,'Pooja','pooja@gmail.com'),
(1002,'Saniya','saniya@gmail.com'),
(1003,'Prachi','prachi@gmail.com'),
(1004,'Punam','punam@gmail.com'),
(1005,'Radha','radha@gmail.com'),
(1006,'Reshma','reshma@gmail.com'),
(1007,'Prabhas','prabhas@gmail.com'),
(1008,'Aditi','aditi@gmail.com'),
(1009,'Ayaan','ayaan@gmail.com'),
(1010,'Ajay','Ajay@gmail.com'),
(1011,'Amay','amay@gmail.com'),
(1012,'Asavari','asavari@gmail.com'),
(1013,'Pranay','pranay@gmail.com'),
(1014,'Annanya','annanya@gmail.com'),
(1015,'Babita','babita@gmail.com'),
(1016,'Ben','ben@gmail.com'),
(1017,'Bill','bill@gmail.com'),
(1018,'Babu','babu@gmail.com'),
(1019,'Bakula','bakula@gmail.com'),
(1020,'Bruce','bruce@gmail.com'),
(1021,'Billy','billy@gmail.com'),
(1022,'Bhushan','bhushan@gmail.com'),
(1023,'Betty','betty@gmail.com'),
(1024,'Bella','bella@gmail.com'),
(1025,'Brian','brian@gmail.com'),
(1026,'Basit','basit@gmail.com'),
(1027,'Cole','cole@gmail.com'),
(1028,'Cody','cody@gmail.com'),
(1029,'Chad','chad@gmail.com'),
(1030,'Cal','cal@gmail.com'),
(1031,'Clark','clark@gmail.com'),
(1032,'Chloe','chloe@gmail.com'),
(1033,'Cindy','cindy@gmail.com'),
(1034,'Sanika','sanika@gmail.com'),
(1035,'Dhanashree','dhanashree@gmail.com'),
(1036,'David','david@gmail.com'),
(1037,'Dhadu','dhanu@gmail.com'),
(1038,'Drew','drew@gmail.com'),
(1039,'Dory','dory@gmail.com'),
(1040,'Cristiano','cristiano@gmail.com'),
(1041,'Ronaldo','ronaldo@gmail.com'),
(1042,'Ojas','ojas@gmail.com'),
(1043,'Manasi','manasi@gmail.com'),
(1044,'Tom','tom@gmail.com'),
(1045,'Krishna','krishna@gmail.com'),
(1046,'Shekhar','shekhar@gmail.com'),
(1047,'Radha','radha@gmail.com'),
(1048,'Lokesh','lokesh@gmail.com'),
(1049,'Vinit','vinit@gmail.com'),
(1050,'Jui','jui@gmail.com'),
(1051,'Dilip','dilip@gmail.com'),
(1052,'Arshin','arshin@gmail.com'),
(1053,'Fahad','fahad@gmail.com'),
(1054,'Gokul','gokul@gmail.com'),
(1055,'Gopal','gopal@gmail.com'),
(1056,'Emran','emran@gmail.com'),
(1057,'Danish','danish@gmail.com'),
(1058,'Mandy','mandy@gmail.com'),
(1059,'Lucifer','lucifer@gmail.com'),
(1060,'Krupa','krupa@gmail.com'),
(1061,'Aarav','aarav@gmail.com'),
(1062,'Supriya','supriya@gmail.com'),
(1063,'Kokila','kokila@gmail.com'),
(1064,'Zoya','zoya@gmail.com'),
(1065,'Ganesh','ganesh@gmail.com'),
(1066,'Ramesh','ramesh@gmail.com'),
(1067,'Nani','nani@gmail.com'),
(1068,'Raul','raul@gmail.com'),
(1069,'Sadik','sadik@gmail.com'),
(1070,'Nakul','nakul@gmail.com')
;

INSERT INTO
orders
VALUES
(701,1001,'2022-01-01'),
(702,1002,'2022-01-10'),
(703,1003,'2022-01-30'),
(704,1004,'2022-02-02'),
(705,1005,'2022-02-22'),
(706,1006,'2022-02-25'),
(707,1007,'2022-03-07'),
(708,1008,'2022-03-28'),
(709,1009,'2022-03-31'),
(710,1010,'2022-04-04'),
(711,1011,'2022-04-14'),
(712,1012,'2022-04-29'),
(713,1013,'2022-05-04'),
(714,1014,'2022-05-09'),
(715,1015,'2022-05-23'),
(716,1016,'2022-06-09'),
(717,1017,'2022-06-10'),
(718,1018,'2022-06-27'),
(719,1019,'2022-07-07'),
(720,1020,'2022-07-17'),
(721,1021,'2022-07-29'),
(722,1022,'2022-08-09'),
(723,1023,'2022-08-19'),
(724,1024,'2022-08-20'),
(725,1025,'2022-09-09'),
(726,1026,'2022-09-27'),
(727,1027,'2022-10-10'),
(728,1028,'2022-10-20'),
(729,1029,'2022-11-11'),
(730,1030,'2022-12-31'),
(731,1031,'2023-01-05'),
(732,1032,'2023-01-23'),
(733,1033,'2023-01-24'),
(734,1034,'2023-02-05'),
(735,1035,'2023-02-09'),
(736,1036,'2023-02-28'),
(737,1037,'2023-03-01'),
(738,1038,'2023-03-28'),
(739,1039,'2023-03-30'),
(740,1040,'2023-04-22'),
(741,1041,'2023-04-27'),
(742,1042,'2023-04-30'),
(743,1043,'2023-05-15'),
(744,1044,'2023-05-23'),
(745,1045,'2023-05-26'),
(746,1046,'2023-06-07'),
(747,1047,'2023-06-09'),
(748,1048,'2023-07-07'),
(749,1049,'2023-07-08'),
(750,1050,'2023-07-21'),
(751,1051,'2023-08-01'),
(752,1052,'2023-08-13'),
(753,1053,'2023-08-17'),
(754,1054,'2023-09-16'),
(755,1055,'2023-09-29'),
(756,1056,'2023-10-15'),
(757,1057,'2023-10-21'),
(758,1058,'2023-11-16'),
(759,1059,'2023-12-20'),
(760,1060,'2023-12-31'),
(761,1061,'2024-01-10'),
(762,1062,'2024-02-03'),
(763,1063,'2024-02-28'),
(764,1064,'2024-03-17'),
(765,1065,'2024-04-04'),
(766,1066,'2024-04-11'),
(767,1067,'2024-05-12'),
(768,1068,'2024-05-28'),
(769,1069,'2024-06-09'),
(770,1070,'2024-07-07')
;


INSERT INTO 
order_details
VALUES
(501,701,101,800),
(502,702,102,1500),
(503,703,103,200),
(504,704,104,500),
(505,705,105,1000),
(506,706,106,300),
(507,707,107,500),
(508,708,108,200),
(509,709,109,100),
(510,710,110,40),
(511,711,111,10),
(512,712,112,50),
(513,713,113,20),
(514,714,114,450),
(515,715,115,650),
(516,716,116,80),
(517,717,117,50),
(518,718,118,300),
(519,719,119,80),
(520,720,120,100),
(521,721,121,200),
(522,722,122,600),
(523,723,123,30),
(524,724,124,10),
(525,725,125,200),
(526,726,126,70),
(527,727,127,40),
(528,728,128,100),
(529,729,129,20),
(530,730,130,400),
(531,731,131,50),
(532,732,132,300),
(533,733,133,100),
(534,734,134,90),
(535,735,135,400),
(536,736,136,500),
(537,737,137,60),
(538,738,138,50),
(539,739,139,380),
(540,740,140,80),
(541,741,141,60),
(542,742,142,250),
(543,743,143,40),
(544,744,144,100),
(545,745,145,400),
(546,746,146,200),
(547,747,147,370),
(548,748,148,130),
(549,749,149,50),
(550,750,150,150),
(551,751,151,200),
(552,752,152,400),
(553,753,153,400),
(554,754,154,400),
(555,755,155,400),
(556,756,156,400),
(557,757,157,100),
(558,758,158,200),
(559,759,159,100),
(560,760,160,500),
(561,761,161,100),
(562,762,162,400),
(563,763,163,100),
(564,764,164,100),
(565,765,165,100),
(566,766,166,200),
(567,767,167,50),
(568,768,168,200),
(569,769,169,50),
(570,770,170,50)
;



INSERT INTO
discounts
VALUES
(801,101,1000.00),
(802,102,1500.00),
(803,103,500.00),
(804,104,1000.00),
(805,105,1500.00),
(806,106,500.00),
(807,107,1000.00),
(808,108,500.00),
(809,109,500.00),
(810,110,500.00),
(811,111,500.00),
(812,112,500.00),
(813,113,500.00),
(814,114,500.00),
(815,115,1000.00),
(816,116,1000.00),
(817,117,500.00),
(818,118,500.00),
(819,119,500.00),
(820,120,500.00),
(821,121,500.00),
(822,122,1000.00),
(823,123,500.00),
(824,124,500.00),
(825,125,500.00),
(826,126,500.00),
(827,127,500.00),
(828,128,500.00),
(829,129,500.00),
(830,130,500.00),
(831,131,500.00),
(832,132,500.00),
(833,133,500.000),
(834,134,500.00),
(835,135,500.00),
(836,136,1500.00),
(837,137,500.00),
(838,138,500.00),
(839,139,1000.00),
(840,140,500.00),
(841,141,500.00),
(842,142,1000.00),
(843,143,500.00),
(844,144,1000.00),
(845,145,1000.00),
(846,146,1000.00),
(847,147,1000.00),
(848,148,1000.00),
(849,149,500.00),
(850,150,1000.00),
(851,151,1000.00),
(852,152,1000.00),
(853,153,1000.00),
(854,154,1000.00),
(855,155,1000.00),
(856,156,1000.00),
(857,157,1000.00),
(858,158,1000.00),
(859,159,1000.00),
(860,160,1500.00),
(861,161,1000.00),
(862,162,1000.00),
(863,163,1000.00),
(864,164,1000.00),
(865,165,1000.00),
(866,166,1000.00),
(867,167,500.00),
(868,168,1000.00),
(869,169,500.00),
(870,170,500.00)
;



INSERT INTO 
shipping
VALUES
(401,701,'2022-01-02','2022-01-05'),
(402,702,'2022-01-11','2022-01-14'),
(403,703,'2022-01-31','2022-02-03'),
(404,704,'2022-02-04','2022-02-09'),
(405,705,'2022-02-23','2022-02-28'),
(406,706,'2022-02-27','2022-03-03'),
(407,707,'2022-03-09','2022-03-18'),
(408,708,'2022-03-30','2022-04-04'),
(409,709,'2022-04-02','2022-04-10'),
(410,710,'2022-04-05','2022-04-13'),
(411,711,'2022-04-15','2022-04-20'),
(412,712,'2022-04-30','2022-05-05'),
(413,713,'2022-05-05','2022-05-11'),
(414,714,'2022-05-10','2022-05-20'),
(415,715,'2022-05-25','2022-05-31'),
(416,716,'2022-06-10','2022-06-14'),
(417,717,'2022-06-11','2022-06-20'),
(418,718,'2022-06-29','2022-07-07'),
(419,719,'2022-07-09','2022-07-17'),
(420,720,'2022-07-19','2022-07-27'),
(421,721,'2022-08-09','2022-08-16'),
(422,722,'2022-08-10','2022-08-22'),
(423,723,'2022-08-20','2022-08-24'),
(424,724,'2022-08-21','2022-08-29'),
(425,725,'2022-09-10','2022-09-19'),
(426,726,'2022-09-29','2022-10-04'),
(427,727,'2022-10-11','2022-10-20'),
(428,728,'2022-10-21','2022-10-27'),
(429,729,'2022-11-12','2022-11-20'),
(430,730,'2023-01-01','2022-01-10'),
(431,731,'2023-01-07','2023-01-20'),
(432,732,'2023-01-24','2023-01-31'),
(433,733,'2023-01-25','2023-01-31'),
(434,734,'2023-02-06','2023-02-10'),
(435,735,'2023-02-10','2023-02-18'),
(436,736,'2023-03-02','2023-03-10'),
(437,737,'2023-03-02','2023-03-11'),
(438,738,'2023-03-30','2023-04-04'),
(439,739,'2023-04-01','2023-04-10'),
(440,740,'2023-04-24','2023-04-28'),
(441,741,'2023-04-28','2023-05-05'),
(442,742,'2023-05-01','2023-05-06'),
(443,743,'2023-05-16','2023-05-22'),
(444,744,'2023-05-24','2023-05-31'),
(445,745,'2023-05-28','2023-06-03'),
(446,746,'2023-06-08','2023-06-13'),
(447,747,'2023-06-10','2023-06-17'),
(448,748,'2023-07-08','2023-07-14'),
(449,749,'2023-07-10','2023-07-20'),
(450,750,'2023-07-22','2023-07-30'),
(451,751,'2023-08-02','2023-08-10'),
(452,752,'2023-08-15','2023-08-19'),
(453,753,'2023-08-19','2023-08-21'),
(454,754,'2023-09-17','2023-08-28'),
(455,755,'2023-09-30','2023-10-05'),
(456,756,'2023-10-17','2023-10-21'),
(457,757,'2023-10-22','2023-10-30'),
(458,758,'2023-11-17','2023-11-25'),
(459,759,'2023-12-22','2023-12-29'),
(460,760,'2024-01-01','2024-01-06'),
(461,761,'2024-01-11','2024-01-30'),
(462,762,'2024-02-04','2024-02-22'),
(463,763,'2024-03-03','2024-03-12'),
(464,764,'2024-03-20','2024-03-30'),
(465,765,'2024-04-05','2024-04-15'),
(466,766,'2024-04-12','2024-04-25'),
(467,767,'2024-05-13','2024-05-28'),
(468,768,'2024-05-30','2024-06-06'),
(469,769,'2024-06-11','2024-06-20'),
(470,770,'2024-07-08','2024-07-17')
;

INSERT INTO 
reviews 
VALUES 
(201,101,1001,'8','GREAT PACKAGING'),
(202,102,1002,'10','GOOD QUALITY'),
(203,103,1003,'6','EXCELLENT PACKAGING'),
(204,104,1004,'8','PERFECT STITCHED'),
(205,105,1005,'7','PRODUCT QUALITY IS GOOD AS PER THE PRICE'),
(206,106,1006,'5','NICE MATERIAL'),
(207,107,1007,'10','SAME AS EXPECTED'),
(208,108,1008,'8','PERFECT STITCHED'),
(209,109,1009,'9','PERFECTLY DESCRIBED'),
(210,110,1010,'7','PRODUCT QUALITY IS GOOD AS PER THE PRICE'),
(211,111,1011,'8','PERFECT STITCHED'),
(212,112,1012,'6','POOR PACKAGING'),
(213,113,1013,'7','VERY COMFORTABLE'),
(214,114,1014,'6','POOR QUALITY OF BUTTONS'),
(215,115,1015,'5','POOR QUALITY'),
(216,116,1016,'9','AMAZING PRODUCT'),
(217,117,1017,'5','POOR THAN EXPECTED'),
(218,118,1018,'9','AMAZING PATTERNS'),
(219,119,1019,'7','GOOD PRODUCT'),
(220,120,1020,'9','AMAZING PRODUCT'),
(221,121,1021,'8','PERFECT STITCHED'),
(222,122,1022,'10','PERFECTLY FITTED'),
(223,123,1023,'6','SIMILAR TO SHIRTS'),
(224,124,1024,'7','LOOKS DULL'),
(225,125,1025,'9','AMAZING PRODUCT'),
(226,126,1026,'8','GETS DULL AFTER 1 WASH'),
(227,127,1027,'3','POOR QUALITY'),
(228,128,1028,'9','AMAZING PRODUCT'),
(229,129,1029,'6','TOO EXPENSIVE'),
(230,130,1030,'9','PRODUCT QUALITY IS GOOD AS PER THE PRICE'),
(231,131,1031,'7','GOOD FABRIC USED'),
(232,132,1032,'9','EXCELLENT PRODUCT'),
(233,133,1033,'7','PRODUCT QUALITY IS GOOD AS PER THE PRICE'),
(234,134,1034,'9','GOOD QUALITY'),
(235,135,1035,'8','PERFECTLY PRICED'),
(236,136,1036,'9','COST IS ACCORDING TO THE PRODUCT'),
(237,137,1037,'4','POOR QUALITY'),
(238,138,1038,'7','GETS DULL AFTER 1 WASH'),
(239,139,1039,'6','LOOKS TOO LOOSE'),
(240,140,1040,'8','PERFECT STITCHED'),
(241,141,1041,'7','PRODUCT QUALITY IS GOOD AS PER THE PRICE'),
(242,142,1042,'7','SIZE ISSUE'),
(243,143,1043,'9','COST IS LITTLE TO HIGH'),
(244,144,1044,'9','AMAZING PRODUCT'),
(245,145,1045,'8','POOR PACKAGING'),
(246,146,1046,'8','AMAZING PRODUCT'),
(247,147,1047,'6','POOR QUALITY'),
(248,148,1048,'10','AMAZING PRODUCT'),
(249,149,1049,'9','PRICE IS ACCORDING TO THE PRODUCT'),
(250,150,1050,'7','POCKETS ARE TO SMALL'),
(251,151,1051,'6','TOO BAGGY'),
(252,152,1052,'9','AMAZING PRODUCT'),
(253,153,1053,'9','AMAZING PRODUCT'),
(254,154,1054,'9','AMAZING PRODUCT'),
(255,155,1055,'9','AMAZING PRODUCT'),
(256,156,1056,'9','AMAZING PRODUCT'),
(257,157,1057,'8','GREAT QUALITY OF PRODUCTS'),
(258,158,1058,'6','MATERIAL IS TO THICK'),
(259,159,1059,'8','TOO SKINNY FIT'),
(260,160,1060,'10','EXCELLENT MATERIAL USED'),
(261,161,1061,'7','PRODUCT QUALITY IS GOOD AS PER THE PRICE'),
(262,162,1062,'10','PERFECT PRODUCT'),
(263,163,1063,'6','POCKETS ARE SMALL'),
(264,164,1064,'9','QUALITY OF PRODUCT IS GOOD'),
(265,165,1065,'7','TOO PRICEY'),
(266,166,1066,'8','PRODUCT QUALITY IS GOOD AS PER THE PRICE'),
(267,167,1067,'7','PRODUCT QUALITY IS GOOD AS PER THE PRICE'),
(268,168,1068,'10','AMAZING PRODUCT'),
(269,169,1069,'8','MATERIAL IS A BIT LIGHT IN LOOKS'),
(270,170,1070,'7','LOOKS A LITTLE TOO BRIGHT'); 


SELECT *  FROM categories;
SELECT *  FROM products;
SELECT *  FROM customers;
SELECT *  FROM orders;
SELECT *  FROM order_details;
SELECT *  FROM discounts;
SELECT *  FROM shipping;
SELECT *  FROM reviews;


